INSERT INTO Personas (dni, nombre, apellido_paterno, apellido_materno, fecha_nacimiento, fecha_registro) VALUES ('78451265', 'Elston', 'Kenderdine', 'Tailby', '2001-08-22', '2025-05-09') ,
 ('36129222', 'Elnar', 'Eastby', 'Deeves', '1982-09-27', '2025-05-09') ,
 ('97436487', 'Athena', 'Cousins', 'Halburton', '1983-02-27', '2025-05-09') ,
 ('05943635', 'Carena', 'Klees', 'Clemente', '1995-08-12', '2025-05-09') ,
 ('69414801', 'Dorrie', 'Lowless', 'Challens', '1981-06-23', '2025-05-09') ,
 ('01036420', 'Estevan', 'Marcombe', 'Ligoe', '1986-02-01', '2025-05-09') ,
 ('82135923', 'Manolo', 'Perez', 'Matteris', '1977-03-01', '2025-05-09') ,
 ('90162061', 'Kristos', 'Haselden', 'Faiers', '1997-05-20', '2025-05-09') ,
 ('70069518', 'Phillie', 'Glitherow', 'Antonignetti', '1970-10-21', '2025-05-09') ,
 ('10180618', 'Saleem', 'Byforth', 'Yurinov', '2000-12-21', '2025-05-09') ,
 ('49215334', 'Jo-ann', 'Halstead', 'Boole', '1976-04-05', '2025-05-09') ,
 ('37950960', 'Reid', 'Harme', 'Jedrzejczak', '1971-09-23', '2025-05-09') ,
 ('54389505', 'Niki', 'Kells', 'Cassius', '1975-11-17', '2025-05-09') ,
 ('31466395', 'Mil', 'Dady', 'Rainforth', '1977-03-30', '2025-05-09') ,
 ('97631613', 'Nanny', 'Strelitzer', 'Poyner', '1995-11-12', '2025-05-09') ,
 ('24432822', 'Gwenore', 'Grishaev', 'Novotne', '1970-07-24', '2025-05-09') ,
 ('05472609', 'Arluene', 'Webben', 'Matzen', '1970-08-25', '2025-05-09') ,
 ('33104441', 'Fannie', 'Bernardoni', 'Balcock', '1992-05-17', '2025-05-09') ,
 ('39482975', 'Sergei', 'Leadley', 'Scoyne', '1997-08-11', '2025-05-09') ,
 ('18418402', 'Alfie', 'Habershon', 'Bogies', '1985-02-17', '2025-05-09') ,
 ('62700547', 'Malcolm', 'Kennedy', 'Sibbson', '1970-01-31', '2025-05-09') ,
 ('35155937', 'Nissy', 'Jellyman', 'Fardell', '1979-07-17', '2025-05-09') ,
 ('50664696', 'Chrysa', 'Studeart', 'Frankcomb', '1987-08-16', '2025-05-09') ,
 ('28053157', 'Eyde', 'Isaac', 'Piggens', '1973-05-23', '2025-05-09') ,
 ('54167291', 'Margaret', 'Davinet', 'Abazi', '1972-03-27', '2025-05-09') ,
 ('11540457', 'Lusa', 'Seaward', 'Fake', '1999-04-11', '2025-05-09') ,
 ('77684243', 'Lurette', 'Wille', 'Gleave', '1982-10-15', '2025-05-09') ,
 ('90560357', 'Otes', 'Sabathier', 'Bartleet', '1984-05-31', '2025-05-09') ,
 ('02333727', 'Carine', 'Trevers', 'Van''t Hoff', '1988-07-17', '2025-05-09') ,
 ('19887857', 'Maritsa', 'Bilbrey', 'Anan', '1999-11-06', '2025-05-09') ,
 ('73111677', 'Courtenay', 'Kroin', 'Pringuer', '1971-04-15', '2025-05-09') ,
 ('07689801', 'Moina', 'Baltrushaitis', 'Burgwyn', '1995-10-06', '2025-05-09') ,
 ('39246922', 'Tawnya', 'Clackson', 'Canas', '1999-09-09', '2025-05-09') ,
 ('47663204', 'Latashia', 'Leyband', 'Sessions', '1972-05-13', '2025-05-09') ,
 ('35255109', 'Aida', 'Lasselle', 'Prandi', '1992-01-26', '2025-05-09') ,
 ('88389797', 'Dorolisa', 'Feak', 'Maymand', '2001-02-24', '2025-05-09') ,
 ('60447849', 'Randall', 'Gomery', 'Whitta', '1987-06-04', '2025-05-09') ,
 ('55614722', 'Dreddy', 'Dobney', 'Worham', '1971-11-03', '2025-05-09') ,
 ('44174045', 'Jory', 'Cardenosa', 'Creddon', '1984-10-25', '2025-05-09') ,
 ('56853312', 'Elenore', 'McGaughey', 'Bainbrigge', '1976-12-06', '2025-05-09') ,
 ('58712443', 'Tobin', 'Mochan', 'Vido', '2001-11-20', '2025-05-09') ,
 ('31161069', 'Mallissa', 'Hallex', 'Nossent', '1972-10-08', '2025-05-09') ,
 ('06307999', 'Deni', 'De Cruze', 'Shewry', '1985-07-25', '2025-05-09') ,
 ('94454469', 'Hill', 'Whate', 'Paddy', '1995-06-21', '2025-05-09') ,
 ('93111946', 'Merrick', 'Noblett', 'Tante', '1988-01-09', '2025-05-09') ,
 ('23574633', 'Gordon', 'Konertz', 'Ledington', '1986-12-13', '2025-05-09') ,
 ('70876393', 'Rosamond', 'Anniwell', 'Galfour', '1979-08-25', '2025-05-09') ,
 ('30998599', 'Welby', 'Powrie', 'Valenta', '1977-03-10', '2025-05-09') ,
 ('99666333', 'Sandro', 'Fellgate', 'Freer', '1988-08-29', '2025-05-09') ,
 ('94547861', 'Jonas', 'Whewill', 'Adamkiewicz', '1991-10-09', '2025-05-09') ,
 ('19726475', 'Vinni', 'Yegorkin', 'Fussey', '1996-11-08', '2025-05-09') ,
 ('55910976', 'Trula', 'Sinnat', 'Caldecot', '1998-06-06', '2025-05-09') ,
 ('24279885', 'Monika', 'O''Fielly', 'Georgins', '1986-02-26', '2025-05-09') ,
 ('53964100', 'Lorry', 'Abramino', 'Peskin', '2002-04-07', '2025-05-09') ,
 ('81201095', 'Karna', 'Deacon', 'Noice', '2002-09-26', '2025-05-09') ,
 ('74617998', 'Norma', 'Featherstone', 'Purviss', '1989-03-23', '2025-05-09') ,
 ('37012854', 'Conan', 'Bernot', 'Plumbridge', '1982-06-27', '2025-05-09') ,
 ('33777255', 'Addie', 'Neesam', 'Ferrieri', '1998-05-28', '2025-05-09') ,
 ('63118664', 'Cele', 'Ongin', 'Redgewell', '1977-07-23', '2025-05-09') ,
 ('14039369', 'Nonnah', 'Scotchforth', 'Roote', '1976-08-23', '2025-05-09') ,
 ('76198140', 'Bren', 'O''Collopy', 'Ryding', '2003-08-12', '2025-05-09') ,
 ('69372537', 'Gabrila', 'Farncombe', 'Gabbitas', '1993-05-07', '2025-05-09') ,
 ('30608007', 'Lissie', 'O''Donovan', 'Winston', '1977-07-31', '2025-05-09') ,
 ('86927207', 'Buddy', 'Fewless', 'Mariotte', '1977-07-06', '2025-05-09') ,
 ('51346787', 'Sigismondo', 'Legate', 'Goldhawk', '2002-06-25', '2025-05-09') ,
 ('75498055', 'Lindy', 'Boagey', 'Neljes', '1979-06-04', '2025-05-09') ,
 ('23977299', 'Emelda', 'Jolliss', 'Bernardez', '1984-01-07', '2025-05-09') ,
 ('03106558', 'Sven', 'Harwin', 'Howton', '1982-12-22', '2025-05-09') ,
 ('72774212', 'Jard', 'Benedek', 'Joron', '1990-12-28', '2025-05-09') ,
 ('12215462', 'Filberto', 'Sieve', 'Roches', '1988-11-27', '2025-05-09') ,
 ('68415054', 'Rusty', 'Straniero', 'Belderfield', '1977-01-22', '2025-05-09') ,
 ('47128407', 'Veronike', 'Tendahl', 'Tingle', '1995-08-20', '2025-05-09') ,
 ('30411702', 'Alfy', 'McFadzean', 'Fick', '1970-06-04', '2025-05-09') ,
 ('25168912', 'Nathaniel', 'Harding', 'Bruckner', '2002-10-19', '2025-05-09') ,
 ('18271789', 'Somerset', 'Whitehall', 'Morcom', '1977-03-15', '2025-05-09') ,
 ('73770381', 'Lanie', 'Maides', 'Juschke', '1979-12-23', '2025-05-09') ,
 ('03769370', 'Johna', 'Scroyton', 'Milborn', '1988-03-30', '2025-05-09') ,
 ('77692820', 'Farr', 'Bande', 'Deakin', '2003-03-28', '2025-05-09') ,
 ('46731726', 'Frederico', 'Godbolt', 'Brayford', '1972-12-11', '2025-05-09') ,
 ('70290353', 'Bogart', 'Castells', 'Lamp', '1973-03-30', '2025-05-09') ,
 ('60451288', 'Pepita', 'McGinny', 'Chalcroft', '1996-04-12', '2025-05-09') ,
 ('73827131', 'Eolanda', 'Muddiman', 'Doubrava', '1971-07-20', '2025-05-09') ,
 ('73979604', 'Libbie', 'Shillington', 'Bracknall', '1971-10-21', '2025-05-09') ,
 ('63075742', 'Thaddus', 'Walburn', 'Poel', '2004-12-20', '2025-05-09') ,
 ('77042910', 'Olwen', 'Cutts', 'Gudeman', '1979-07-07', '2025-05-09') ,
 ('29467755', 'Harwilll', 'Laurie', 'Buscombe', '1980-04-22', '2025-05-09') ,
 ('56697260', 'Duane', 'Reddell', 'Arnao', '2003-05-12', '2025-05-09') ,
 ('78043843', 'Hestia', 'Farge', 'Collomosse', '1970-07-14', '2025-05-09') ,
 ('29083134', 'Beverley', 'Ravel', 'Mergue', '1976-03-08', '2025-05-09') ,
 ('79117111', 'Kendell', 'Severns', 'Clemon', '1982-06-04', '2025-05-09') ,
 ('08641152', 'Eula', 'Sailor', 'Barber', '1998-08-21', '2025-05-09') ,
 ('95508805', 'Darbie', 'Franzel', 'Wysome', '1985-07-18', '2025-05-09') ,
 ('66323089', 'Hank', 'Stitch', 'Dutnall', '1975-11-19', '2025-05-09') ,
 ('46644116', 'Donella', 'Braunle', 'Petit', '2001-06-17', '2025-05-09') ,
 ('81149737', 'Deny', 'Brockman', 'Brotherwood', '2000-08-06', '2025-05-09') ,
 ('10325194', 'Jessy', 'Izatt', 'Bartram', '1993-01-07', '2025-05-09') ,
 ('00386246', 'Leshia', 'Gladdolph', 'Rhodus', '1990-04-03', '2025-05-09') ,
 ('61639057', 'Cleveland', 'Kimmel', 'Giggs', '1982-02-14', '2025-05-09') ,
 ('83018047', 'Skipper', 'Harrowell', 'Alner', '2002-12-15', '2025-05-09') ,
 ('05254216', 'Daniella', 'Ivchenko', 'Bovis', '1977-10-13', '2025-05-09') ;




INSERT INTO Telefonos_Personas (telefono, dni) VALUES
('912345678', '83018047'),
('913456789', '86927207'),
('914567890', '88389797'),
('915678901', '90162061'),
('916789012', '90560357'),
('917890123', '93111946'),
('918901234', '94454469'),
('919012345', '94547861'),
('920123456', '95508805'),
('921234567', '97436487'),
('922345678', '97631613'),
('923456789', '99666333'),
('924567890', '00386246'),
('925678901', '01036420'),
('926789012', '02333727'),
('927890123', '03106558'),
('928901234', '03769370'),
('929012345', '05254216'),
('930123456', '05472609'),
('931234567', '05943635'),
('932345678', '06307999'),
('933456789', '07689801'),
('934567890', '08641152'),
('935678901', '10180618'),
('936789012', '10325194'),
('937890123', '11540457'),
('938901234', '12215462'),
('939012345', '14039369'),
('940123456', '18271789'),
('941234567', '18418402'),
('942345678', '19726475'),
('943456789', '19887857'),
('944567890', '23574633'),
('945678901', '23977299'),
('946789012', '24279885'),
('947890123', '24432822'),
('948901234', '25168912'),
('949012345', '28053157'),
('950123456', '29083134'),
('951234567', '29467755'),
('952345678', '30411702'),
('953456789', '30608007'),
('954567890', '30998599'),
('955678901', '31161069'),
('956789012', '31466395'),
('957890123', '33104441'),
('958901234', '33777255'),
('959012345', '35155937'),
('960123456', '35255109'),
('961234567', '36129222'),
('962345678', '37012854'),
('963456789', '37950960'),
('964567890', '39246922'),
('965678901', '39482975'),
('966789012', '44174045'),
('967890123', '46644116'),
('968901234', '46731726'),
('969012345', '47128407'),
('970123456', '47663204'),
('971234567', '49215334'),
('972345678', '50664696'),
('973456789', '51346787'),
('974567890', '53964100'),
('975678901', '54167291'),
('976789012', '54389505'),
('977890123', '55614722'),
('978901234', '55910976'),
('979012345', '56697260'),
('980123456', '56853312'),
('981234567', '58712443'),
('982345678', '60447849'),
('983456789', '60451288'),
('984567890', '61639057'),
('985678901', '62700547'),
('986789012', '63075742'),
('987890123', '63118664'),
('988901234', '66323089'),
('989012345', '68415054'),
('990123456', '69372537'),
('991234567', '69414801'),
('992345678', '70069518'),
('993456789', '70290353'),
('994567890', '73111677'),
('995678901', '70876393'),
('996789012', '72774212'),
('997890123', '73770381'),
('998901234', '73827131'),
('999012345', '73979604'),
('912234567', '74617998'),
('913345678', '75498055'),
('914456789', '76198140'),
('915567890', '77042910'),
('916678901', '77684243'),
('917789012', '77692820'),
('918890123', '78043843'),
('919901234', '78451265'),
('920012345', '79117111'),
('921123456', '81149737'),
('922234567', '81201095'),
('923345678', '82135923') ;





INSERT INTO Direcciones_Personas (dni, direccion) VALUES
('00386246', 'Calle Gran Vía 45, 3ºB, 28013 Madrid'),
('01036420', 'Avenida Diagonal 601, 2º1ª, 08028 Barcelona'),
('02333727', 'Plaza Mayor 12, 4ºD, 37002 Salamanca'),
('03106558', 'Calle Sierpes 25, 1ºA, 41004 Sevilla'),
('03769370', 'Calle Alfonso X 7, 5ºF, 30008 Murcia'),
('05254216', 'Paseo de la Castellana 89, 10ºA, 28046 Madrid'),
('05472609', 'Calle Colón 22, 3ºB, 46004 Valencia'),
('05943635', 'Calle Real 34, 2ºC, 29015 Málaga'),
('06307999', 'Calle Uría 18, 1ºD, 33003 Oviedo'),
('07689801', 'Gran Vía Marqués del Turia 5, 4ºA, 46005 Valencia'),
('08641152', 'Calle San Pablo 43, 3ºC, 14003 Córdoba'),
('10180618', 'Paseo del Espolón 12, 2ºB, 09002 Burgos'),
('10325194', 'Calle Ancha 67, 1ºA, 11001 Cádiz'),
('11540457', 'Avenida de la Constitución 8, 5ºD, 41001 Sevilla'),
('12215462', 'Calle Mayor 56, 3ºC, 50001 Zaragoza'),
('14039369', 'Plaza del Ayuntamiento 3, 6ºB, 46002 Valencia'),
('18271789', 'Calle de la Estación 15, 2ºA, 48013 Bilbao'),
('18418402', 'Paseo de la Habana 78, 7ºD, 28036 Madrid'),
('19726475', 'Calle de Serrano 120, 4ºB, 28006 Madrid'),
('19887857', 'Avenida de Andalucía 45, 1ºC, 29007 Málaga'),
('23574633', 'Calle de la Princesa 34, 5ºA, 28008 Madrid'),
('23977299', 'Calle San Miguel 8, 2ºB, 37001 Salamanca'),
('24279885', 'Paseo de Gracia 102, 3º1ª, 08008 Barcelona'),
('24432822', 'Calle de Alcalá 210, 6ºC, 28028 Madrid'),
('25168912', 'Calle de Fuencarral 45, 4ºD, 28004 Madrid'),
('28053157', 'Avenida de América 25, 8ºA, 28002 Madrid'),
('29083134', 'Calle de Toledo 67, 3ºB, 28005 Madrid'),
('29467755', 'Calle de Atocha 89, 2ºC, 28012 Madrid'),
('30411702', 'Paseo del Prado 12, 5ºD, 28014 Madrid'),
('30608007', 'Calle de Preciados 34, 1ºA, 28013 Madrid'),
('30998599', 'Calle del Arenal 8, 3ºB, 28013 Madrid'),
('31161069', 'Calle de la Montera 45, 6ºC, 28013 Madrid'),
('31466395', 'Calle de Hortaleza 67, 2ºD, 28004 Madrid'),
('33104441', 'Calle de Velázquez 56, 4ºA, 28001 Madrid'),
('33777255', 'Calle de Goya 23, 5ºB, 28009 Madrid'),
('35155937', 'Calle de Claudio Coello 89, 3ºC, 28006 Madrid'),
('35255109', 'Calle de Lagasca 34, 7ºD, 28001 Madrid'),
('36129222', 'Calle de Ortega y Gasset 12, 2ºA, 28006 Madrid'),
('37012854', 'Calle de Juan Bravo 45, 4ºB, 28006 Madrid'),
('37950960', 'Calle de José Abascal 56, 3ºC, 28003 Madrid'),
('39246922', 'Calle de Modesto Lafuente 23, 5ºD, 28010 Madrid'),
('39482975', 'Calle de Santa Engracia 67, 2ºA, 28010 Madrid'),
('44174045', 'Calle de Bravo Murillo 34, 6ºB, 28015 Madrid'),
('46644116', 'Calle de Raimundo Fernández Villaverde 45, 3ºC, 28003 Madrid'),
('46731726', 'Calle de Alberto Aguilera 23, 4ºD, 28015 Madrid'),
('47128407', 'Calle de la Princesa 56, 5ºA, 28008 Madrid'),
('47663204', 'Calle de Gaztambide 34, 2ºB, 28015 Madrid'),
('49215334', 'Calle de Guzmán el Bueno 67, 3ºC, 28015 Madrid'),
('50664696', 'Calle de Fernández de los Ríos 45, 4ºD, 28015 Madrid'),
('51346787', 'Calle de Isaac Peral 23, 5ºA, 28015 Madrid'),
('53964100', 'Calle de la Salle 12, 2ºB, 28023 Madrid'),
('54167291', 'Avenida de los Poblados 45, 3ºC, 28025 Madrid'),
('54389505', 'Calle de Alcorcón 34, 4ºD, 28024 Madrid'),
('55614722', 'Calle de Carabanchel 56, 5ºA, 28025 Madrid'),
('55910976', 'Calle de Usera 23, 2ºB, 28026 Madrid'),
('56697260', 'Calle de Villaverde 45, 3ºC, 28041 Madrid'),
('56853312', 'Calle de Vallecas 34, 4ºD, 28031 Madrid'),
('58712443', 'Calle de Vicálvaro 56, 5ºA, 28032 Madrid'),
('60447849', 'Calle de San Blas 23, 2ºB, 28037 Madrid'),
('60451288', 'Calle de Hortaleza 45, 3ºC, 28004 Madrid'),
('61639057', 'Calle de Fuencarral 34, 4ºD, 28004 Madrid'),
('62700547', 'Calle de Bravo Murillo 56, 5ºA, 28015 Madrid'),
('63075742', 'Calle de Raimundo Fernández Villaverde 23, 2ºB, 28003 Madrid'),
('63118664', 'Calle de Alberto Aguilera 45, 3ºC, 28015 Madrid'),
('66323089', 'Calle de la Princesa 34, 4ºD, 28008 Madrid'),
('68415054', 'Calle de Gaztambide 56, 5ºA, 28015 Madrid'),
('69372537', 'Calle de Guzmán el Bueno 23, 2ºB, 28015 Madrid'),
('69414801', 'Calle de Fernández de los Ríos 45, 3ºC, 28015 Madrid'),
('70069518', 'Calle de Isaac Peral 34, 4ºD, 28015 Madrid'),
('70290353', 'Calle de la Salle 56, 5ºA, 28023 Madrid'),
('73111677', 'Avenida de los Poblados 23, 2ºB, 28025 Madrid'),
('70876393', 'Calle de Alcorcón 45, 3ºC, 28024 Madrid'),
('72774212', 'Calle de Carabanchel 34, 4ºD, 28025 Madrid'),
('73770381', 'Calle de Usera 56, 5ºA, 28026 Madrid'),
('73827131', 'Calle de Villaverde 23, 2ºB, 28041 Madrid'),
('73979604', 'Calle de Vallecas 45, 3ºC, 28031 Madrid'),
('74617998', 'Calle de Vicálvaro 34, 4ºD, 28032 Madrid'),
('75498055', 'Calle de San Blas 56, 5ºA, 28037 Madrid'),
('76198140', 'Calle de Hortaleza 23, 2ºB, 28004 Madrid'),
('77042910', 'Calle de Fuencarral 45, 3ºC, 28004 Madrid'),
('77684243', 'Calle de Bravo Murillo 34, 4ºD, 28015 Madrid'),
('77692820', 'Calle de Raimundo Fernández Villaverde 56, 5ºA, 28003 Madrid'),
('78043843', 'Calle de Alberto Aguilera 23, 2ºB, 28015 Madrid'),
('78451265', 'Calle de la Princesa 45, 3ºC, 28008 Madrid'),
('79117111', 'Calle de Gaztambide 34, 4ºD, 28015 Madrid'),
('81149737', 'Calle de Guzmán el Bueno 56, 5ºA, 28015 Madrid'),
('81201095', 'Calle de Fernández de los Ríos 23, 2ºB, 28015 Madrid'),
('82135923', 'Calle de Isaac Peral 45, 3ºC, 28015 Madrid'),
('83018047', 'Calle de la Salle 34, 4ºD, 28023 Madrid'),
('86927207', 'Avenida de los Poblados 56, 5ºA, 28025 Madrid'),
('88389797', 'Calle de Alcorcón 23, 2ºB, 28024 Madrid'),
('90162061', 'Calle de Carabanchel 45, 3ºC, 28025 Madrid'),
('90560357', 'Calle de Usera 34, 4ºD, 28026 Madrid'),
('93111946', 'Calle de Villaverde 56, 5ºA, 28041 Madrid'),
('94454469', 'Calle de Vallecas 23, 2ºB, 28031 Madrid'),
('94547861', 'Calle de Vicálvaro 45, 3ºC, 28032 Madrid'),
('95508805', 'Calle de San Blas 34, 4ºD, 28037 Madrid'),
('97436487', 'Calle de Hortaleza 56, 5ºA, 28004 Madrid'),
('97631613', 'Calle de Fuencarral 23, 2ºB, 28004 Madrid'),
('99666333', 'Calle de Bravo Murillo 45, 3ºC, 28015 Madrid');




INSERT INTO Empleados (dni, estado, contraseña, es_administrador) VALUES
('73111677', 'activo', 'admin', FALSE),
('83018047', 'activo', 'ABC2', FALSE),
('86927207', 'activo', 'ABC3', FALSE),
('88389797', 'activo', 'ABC4', FALSE),
('90162061', 'activo', 'ABC5', FALSE),
('97436487', 'activo', 'ABC6', FALSE),
('97631613', 'activo', 'ABC7', FALSE),
('99666333', 'activo', 'ABC8', TRUE),
('33777255', 'activo', 'ABC9', FALSE),
('35155937', 'activo', 'ABC10', FALSE),
('35255109', 'activo', 'ABC11', FALSE),
('51346787', 'activo', 'ABC12', FALSE),
('53964100', 'activo', 'ABC13', FALSE),
('54167291', 'activo', 'ABC14', FALSE),
('54389505', 'activo', 'ABC15', FALSE),
('55614722', 'activo', 'ABC16', FALSE),
('77684243', 'activo', 'ABC17', FALSE),
('77692820', 'activo', 'ABC18', FALSE),
('78043843', 'activo', 'ABC19', TRUE),
('78451265', 'activo', 'ABC20', FALSE);




INSERT INTO Roles (nombre_rol, descripcion) VALUES
('Administrador', 'Responsable de la gestión global del sistema, usuarios y configuración'),
('Gerente de Boutique', 'Encargado de la operación diaria de la tienda y supervisión del personal'),
('Asesor de Ventas de Cosméticos', 'Recomendaciones y asesoramiento a clientes sobre productos cosméticos'),
('Vendedor de Belleza', 'Vende productos y ayuda a los clientes a elegir artículos adecuados'),
('Especialista en Cuidado de la Piel', 'Asesora sobre rutinas y productos para el cuidado facial y corporal'),
('Asesor en Maquillaje', 'Brinda recomendaciones y demostraciones de productos de maquillaje'),
('Reponedor de Estanterías', 'Mantiene el stock de productos en las estanterías y almacén'),
('Compras de Cosméticos', 'Gestiona la adquisición de productos y relaciones con proveedores'),
('Marketing de Belleza', 'Diseña promociones, administra las redes sociales y estrategias de venta'),
('Atención al Cliente', 'Resuelve dudas, quejas y gestiona programas de fidelización'),
('Técnico en Cosmética', 'Profesional que brinda recomendaciones personalizadas y análisis de piel'),
('Limpieza y Mantenimiento', 'Encargado de la higiene y cuidado del local y sus instalaciones');




INSERT INTO Vendedores (cod_empleado, cod_rol) VALUES
(9, 11),  -- Empleado 9 (33777255) como Jefe de Ventas (rol 11)
(10, 12), -- Empleado 10 (35155937) como Especialista en Ventas (rol 12)
(11, 12), -- Empleado 11 (35255109) como Especialista en Ventas (rol 12)
(12, 12), -- Empleado 12 (51346787) como Especialista en Ventas (rol 12)
(13, 12), -- Empleado 13 (53964100) como Especialista en Ventas (rol 12)
(14, 12), -- Empleado 14 (54167291) como Especialista en Ventas (rol 12)
(15, 12), -- Empleado 15 (54389505) como Especialista en Ventas (rol 12)
(1, 11);  -- Empleado 1 (73111677) como Jefe de Ventas (rol 11)




INSERT INTO Especialidades (nombre_especialidad, descripcion) VALUES
('Dermatología Cosmética', 'Tratamientos y productos para mejorar la piel y apariencia facial'),
('Peelings Químicos', 'Procedimientos para exfoliar y rejuvenecer la piel'),
('Microdermoabrasión', 'Técnica para renovar la piel mediante exfoliación mecánica'),
('Estética Facial', 'Tratamientos y cuidados específicos para la piel del rostro'),
('Cuidado Antiedad', 'Productos y terapias enfocadas en reducir signos de envejecimiento'),
('Lifting Facial No Invasivo', 'Técnicas para elevar y definir contornos faciales sin cirugía'),
('Maquillaje Profesional', 'Técnicas avanzadas para maquillaje de día, noche y eventos'),
('Depilación Laser', 'Procedimientos para eliminar vello de forma definitiva'),
('Tricología', 'Especialización en salud capilar y tratamientos del cabello'),
('Cuidado Corporal', 'Productos y técnicas para la estética y bienestar del cuerpo');




INSERT INTO Asesores (cod_empleado, experiencia) VALUES
(17, 4),  -- Empleado 17 (77684243) con 4 años de experiencia
(18, 2),  -- Empleado 18 (77692820) con 2 años de experiencia
(19, 5),  -- Empleado 19 (78043843) con 5 años de experiencia
(20, 3),  -- Empleado 20 (78451265) con 3 años de experiencia
(2, 6),   -- Empleado 2 (83018047) con 6 años de experiencia
(3, 1),   -- Empleado 3 (86927207) con 1 año de experiencia
(4, 7),   -- Empleado 4 (88389797) con 7 años de experiencia
(5, 2);   -- Empleado 5 (90162061) con 2 años de experiencia




INSERT INTO Asesores_Especialidades (cod_asesor, cod_especialidad) VALUES
(1, 1),   -- Asesor 1 (Dermatología Cosmética)
(2, 4),   -- Asesor 2 (Cosmética Natural)
(3, 2),   -- Asesor 3 (Peelings Químicos)
(4, 3),   -- Asesor 4 (Microdermoabrasión)
(5, 9),   -- Asesor 5 (Tricología)
(6, 6),   -- Asesor 6 (Estética Facial)
(7, 10),  -- Asesor 7 (Cuidado Corporal)
(8, 5);   -- Asesor 8 (Cuidado Antiedad)




INSERT INTO Clientes (dni, tipo_cliente) VALUES
('00386246', 'frecuente'),
('01036420', 'regular'),
('02333727', 'regular'),
('03106558', 'frecuente'),
('03769370', 'regular'),
('05254216', 'frecuente'),
('05472609', 'regular'),
('05943635', 'regular'),
('06307999', 'frecuente'),
('07689801', 'regular'),
('08641152', 'frecuente'),
('10180618', 'regular'),
('10325194', 'regular'),
('11540457', 'frecuente'),
('12215462', 'regular'),
('14039369', 'frecuente'),
('18271789', 'regular'),
('18418402', 'regular'),
('19726475', 'frecuente'),
('19887857', 'regular'),
('23574633', 'frecuente'),
('23977299', 'regular'),
('24279885', 'regular'),
('24432822', 'frecuente'),
('25168912', 'regular'),
('28053157', 'frecuente'),
('29083134', 'regular'),
('29467755', 'regular'),
('30411702', 'frecuente'),
('30608007', 'regular'),
('30998599', 'frecuente'),
('31161069', 'regular'),
('31466395', 'regular'),
('33104441', 'frecuente'),
('36129222', 'regular'),
('37012854', 'frecuente'),
('37950960', 'regular'),
('39246922', 'regular'),
('39482975', 'frecuente'),
('44174045', 'regular'),
('46644116', 'frecuente'),
('46731726', 'regular'),
('47128407', 'regular'),
('47663204', 'frecuente'),
('49215334', 'regular'),
('50664696', 'frecuente'),
('55910976', 'regular'),
('56697260', 'regular'),
('56853312', 'frecuente'),
('58712443', 'regular'),
('60447849', 'frecuente'),
('60451288', 'regular'),
('61639057', 'regular'),
('62700547', 'frecuente'),
('63075742', 'regular'),
('63118664', 'frecuente'),
('66323089', 'regular'),
('68415054', 'regular'),
('69372537', 'frecuente'),
('69414801', 'regular'),
('70069518', 'frecuente'),
('70290353', 'regular'),
('70876393', 'regular'),
('72774212', 'frecuente'),
('73770381', 'regular'),
('73827131', 'frecuente'),
('73979604', 'regular'),
('74617998', 'regular'),
('75498055', 'frecuente'),
('76198140', 'regular'),
('77042910', 'frecuente'),
('79117111', 'regular'),
('81149737', 'regular'),
('81201095', 'frecuente'),
('82135923', 'regular'),
('90560357', 'frecuente'),
('93111946', 'regular'),
('94454469', 'regular'),
('94547861', 'frecuente'),
('95508805', 'regular');




INSERT INTO Contratos (cod_empleado, fecha_inicio, fecha_fin, salario_men, observaciones, estado) VALUES
(1, '2020-03-15', NULL, 1850.00, 'Contrato indefinido - Jefe de Ventas', 'activo'),
(2, '2021-05-10', '2023-05-10', 1650.00, 'Contrato temporal 2 años - Especialista en Ventas', 'inactivo'),
(3, '2022-01-20', NULL, 1750.00, 'Contrato indefinido - Gerente de Tienda', 'activo'),
(4, '2021-11-15', '2024-11-15', 1950.00, 'Contrato temporal 3 años - Administrador', 'activo'),
(5, '2023-02-01', NULL, 1550.00, 'Contrato indefinido - Asesor en Cosméticos', 'activo'),
(6, '2020-08-12', NULL, 1600.00, 'Contrato indefinido - Técnico en Cosmética', 'activo'),
(7, '2022-07-05', '2023-07-05', 1500.00, 'Contrato temporal 1 año - Reponedor', 'inactivo'),
(8, '2023-01-10', NULL, 1450.00, 'Contrato indefinido - Cajero', 'activo'),
(9, '2019-09-03', NULL, 2200.00, 'Contrato indefinido - Gerente Regional', 'activo'),
(10, '2022-04-18', NULL, 1700.00, 'Contrato indefinido - Asesor de Belleza y Ventas', 'activo'),
(11, '2021-12-01', '2024-12-01', 1650.00, 'Contrato temporal 3 años - Compras', 'activo'),
(12, '2023-03-22', NULL, 1600.00, 'Contrato indefinido - Responsable de Marketing', 'activo'),
(13, '2020-10-05', NULL, 1850.00, 'Contrato indefinido - Jefe de Ventas', 'activo'),
(14, '2022-06-15', '2023-06-15', 1550.00, 'Contrato temporal 1 año - Atención al Cliente', 'inactivo'),
(15, '2021-07-20', NULL, 1750.00, 'Contrato indefinido - Asesor Senior en Cosmética', 'activo'),
(16, '2023-04-01', NULL, 1500.00, 'Contrato indefinido - Limpieza', 'activo'),
(17, '2020-12-10', NULL, 1900.00, 'Contrato indefinido - Coordinador de Ventas', 'activo'),
(18, '2022-09-05', '2025-09-05', 1650.00, 'Contrato temporal 3 años - Asesor en Belleza', 'activo'),
(19, '2021-04-15', NULL, 2100.00, 'Contrato indefinido - Subgerente', 'activo'),
(20, '2023-02-28', NULL, 1600.00, 'Contrato indefinido - Especialista en Productos Cosméticos', 'activo');



INSERT INTO Proveedores (ruc, nombre) VALUES
('10456789012', 'NaturaLife Cosméticos'),
('20432109876', 'EcoVerde Cosmética Orgánica'),
('10567890123', 'BioSalud Cosmética Natural'),
('20456789013', 'Herbolaria & Cosméticos Andinos'),
('10678901234', 'Amazonia Natural Cosméticos'),
('20567890124', 'SuperFoods & Cosméticos Perú'),
('10789012345', 'NutriVida Cosmética y Belleza'),
('20678901235', 'Cosmética Pura'),
('10890123456', 'Vegano Delights Cosméticos'),
('20789012346', 'AromaTerapia y Cosmética SAC'),
('10901234567', 'GlutenFree Cosméticos Perú'),
('20890123457', 'Esencias Florales & Belleza'),
('10123456789', 'PowerGreen Cosméticos Naturales'),
('20901234568', 'Mieles y Cosméticos del Valle'),
('10234567890', 'Quinua Real Cosmética'),
('20123456789', 'Hierbas Medicinales y Cosméticos SAC'),
('10345678901', 'SuperSemillas Cosméticas'),
('20234567890', 'Aceites Esenciales Premium'),
('10456789014', 'Frutos del Bosque Cosméticos'),
('20345678901', 'Té & Bienestar Cosmético'),
('10567890125', 'Proteína Vegetal y Cosmética SAC'),
('20456789015', 'Raíces Saludables Cosméticos'),
('10678901236', 'Dulce Natural Cosmética'),
('20567890126', 'Especias y Cosméticos del Mundo'),
('10789012347', 'Cacao Orgánico y Belleza Perú'),
('20678901237', 'Maca Power Cosméticos'),
('10890123458', 'Stevia Natural Cosméticos'),
('20789012348', 'Quinoa Gold Cosméticos'),
('10901234569', 'Algas Nutritivas y Belleza'),
('20890123459', 'SuperGranos & Cosméticos Andinos');




INSERT INTO Telefonos_Proveedores (ruc, telefono) VALUES
('20234567890', '954123456'),
('10901234569', '054123457'),
('10678901234', '954123458'),
('20789012346', '054123459'),
('10567890123', '954123460'),
('10789012347', '054123461'),
('20678901235', '954123462'),
('10678901236', '054123463'),
('20432109876', '954123464'),
('20890123457', '054123465'),
('20567890126', '954123466'),
('10456789014', '054123467'),
('10901234567', '954123468'),
('20456789013', '054123469'),
('20123456789', '954123470'),
('20678901237', '054123471'),
('20901234568', '954123472'),
('10456789012', '054123473'),
('10789012345', '954123474'),
('10123456789', '054123475'),
('10567890125', '954123476'),
('20789012348', '054123477'),
('10234567890', '954123478'),
('20456789015', '054123479'),
('10890123458', '954123480'),
('20567890124', '054123481'),
('20890123459', '954123482'),
('10345678901', '054123483'),
('20345678901', '954123484'),
('10890123456', '054123485');




INSERT INTO Categorias (nombre, descripcion) VALUES
('Cosmética Natural', 'Productos de cuidado personal libres de químicos agresivos y sustentables'),
('Cuidado de la Piel', 'Cremas, lociones y tratamientos dermatológicos naturales'),
('Cuidado Capilar Natural', 'Shampoos, acondicionadores y tratamientos con ingredientes naturales'),
('Aromaterapia', 'Aceites esenciales y productos para bienestar emocional y corporal'),
('Productos Varoniales', 'Línea de productos cosméticos para hombres'),
('Maquillaje Natural', 'Maquillaje con ingredientes naturales y seguros para la piel'),
('Cuidado de Manos y Uñas', 'Esmaltes, cremas y tratamientos para manos y uñas'),
('Productos para Acné', 'Tratamientos naturales y efectivos para piel propensa al acné'),
('Cuidado Corporal', 'Lociones, scrub y tratamientos corporales naturales'),
('Higiene Bucal Natural', 'Pastas dentales y enjuagues bucales con ingredientes naturales'),
('Protección Solar Natural', 'Ingredientes naturales para protección SPF efectiva'),
('Cuidado Labial', 'Barras, labiales y tratamientos labiales con ingredientes naturales'),
('Cuidado de los Ojos', 'Productos específicos para el contorno y cuidado de los ojos'),
('Infusiones y Tónicos', 'Tónicos faciales y sprays refrescantes naturales'),
('Productos de Aromaterapia', 'Aceites esenciales y difusores para bienestar y relajación');




INSERT INTO Lineas (ruc, nombre_linea) VALUES
('10123456789', 'PowerGreen Cosméticos Orgánicos'),
('10234567890', 'Quinua Real Cosmética Premium'),
('10345678901', 'SuperSemillas Belleza Nutritiva'),
('10456789012', 'NaturaLife Cosmética Natural'),
('10456789014', 'Frutos del Bosque Cosméticos Selectos'),
('10567890123', 'BioSalud Línea de Belleza'),
('10567890125', 'Proteína Vegetal y Cuidado de la Piel'),
('10678901234', 'Amazonia Cosmética Natural'),
('10678901236', 'Dulce Natural, Cuidado de la Piel'),
('10789012345', 'NutriVida Belleza Integral'),
('10789012347', 'Cacao Orgánico Cosméticos Premium'),
('10890123456', 'Vegano Delights Cosméticos Gourmet'),
('10890123458', 'Stevia Natural para Cuidado Personal'),
('10901234567', 'GlutenFree Cosmética y Belleza'),
('10901234569', 'Algas Nutritivas y Tratamientos Faciales'),
('20123456789', 'Hierbas Medicinales y Belleza Andina'),
('20234567890', 'Aceites Esenciales y Aromaterapia'),
('20345678901', 'Té & Bienestar para Cuidado Facial'),
('20432109876', 'EcoVerde Cosmética Orgánica'),
('20456789013', 'Herbolaria y Productos de Belleza'),
('20456789015', 'Raíces Saludables para la Piel'),
('20567890124', 'SuperFoods Energía y Belleza'),
('20567890126', 'Especias del Mundo y Cosmética Natural'),
('20678901235', 'Cosmética Pura Natural'),
('20678901237', 'Maca Power Energética y Belleza'),
('20789012346', 'AromaTerapia y Bienestar Facial'),
('20789012348', 'Quinoa Gold Orgánica para la Piel'),
('20890123457', 'Esencias Florales Puras y Cuidado'),
('20890123459', 'SuperGranos Andinos para Cosmética'),
('20901234568', 'Mieles del Valle Naturales para Cuidado Facial');



INSERT INTO Productos (cod_categoria, cod_linea, nombre, descripcion, precio_compra, precio_venta, stock, estado) VALUES

-- Cosmética Natural (Categoría 1) - Línea: Cosmética Pura Natural
(1, 24, 'Crema Facial Hidratante', 'Crema con ingredientes 100% naturales para la hidratación profunda de la piel', 9.50, 18.99, 110, 'disponible'),
(1, 24, 'Jabón de Arcilla Verde', 'Jabón purificante para piel grasa', 3.20, 6.99, 200, 'disponible'),
(1, 24, 'Desodorante Natural', 'Libre de aluminio y parabenos, para una protección natural', 4.50, 9.99, 150, 'disponible'),

-- Cuidado de la Piel (Categoría 2) - Línea: NutriVida Belleza Integral
(2, 10, 'Aceite de Rosa Mosqueta', 'Aceite regenerador celular natural para la piel', 10.50, 19.99, 90, 'disponible'),
(2, 10, 'Bálsamo de Caléndula', 'Para pieles sensibles y quemaduras, efecto calmante', 8.20, 15.99, 110, 'disponible'),
(2, 10, 'Exfoliante de Café', 'Renovador celular con cafeína para eliminar células muertas', 6.80, 12.99, 130, 'disponible'),

-- Cuidado Capilar Natural (Categoría 3) - Línea: SuperSemillas Belleza Nutritiva
(3, 3, 'Shampoo de Aloe Vera', 'Shampoo natural para cabello seco y dañado', 5.80, 11.99, 130, 'disponible'),
(3, 3, 'Acondicionador de Karité', 'Acondicionador nutritivo para cabellos resecos', 6.20, 12.99, 120, 'disponible'),
(3, 3, 'Mascarilla Capilar de Aguacate', 'Tratamiento intensivo para la restauración del cabello', 7.50, 15.99, 100, 'disponible'),

-- Aromaterapia (Categoría 4) - Línea: Aceites Esenciales y Aromaterapia
(4, 17, 'Aceite Esencial de Lavanda', 'Aceite puro para relajación y bienestar emocional', 7.50, 14.99, 120, 'disponible'),
(4, 17, 'Difusor AromaTerapia', 'Difusor ultrasónico para esparcir aceites esenciales en el hogar', 12.00, 24.99, 80, 'disponible'),
(4, 17, 'Esencia Floral de Manzanilla', 'Esencia calmante para el equilibrio emocional y físico', 6.80, 12.50, 90, 'disponible'),

-- Productos Varoniales (Categoría 5) - Línea: PowerGreen Cosméticos Orgánicos
(5, 1, 'Crema Antiarrugas Masculina', 'Crema nutritiva para hombres con propiedades antiedad', 11.50, 21.99, 120, 'disponible'),
(5, 1, 'Gel de Afeitado Natural', 'Gel suave con ingredientes naturales para un afeitado perfecto', 7.20, 14.99, 150, 'disponible'),
(5, 1, 'Bálsamo para Barba', 'Bálsamo hidratante para el cuidado de la barba', 8.00, 15.50, 140, 'disponible'),

-- Maquillaje Natural (Categoría 6) - Línea: Vegano Delights Cosméticos Gourmet
(6, 12, 'Base Mineral Natural', 'Base de maquillaje ligera con ingredientes 100% naturales', 8.50, 16.99, 100, 'disponible'),
(6, 12, 'Corrector Natural', 'Corrector de imperfecciones con ingredientes naturales', 6.80, 13.99, 120, 'disponible'),
(6, 12, 'Rubor Orgánico', 'Rubor en polvo hecho con minerales naturales', 7.20, 14.50, 150, 'disponible'),

-- Cuidado de Manos y Uñas (Categoría 7) - Línea: Dulce Natural, Cuidado de la Piel
(7, 9, 'Crema Hidratante para Manos', 'Crema hidratante para manos con ingredientes naturales', 5.20, 10.99, 130, 'disponible'),
(7, 9, 'Aceite de Uñas', 'Aceite fortalecedor para uñas y cutículas', 6.50, 12.99, 110, 'disponible'),
(7, 9, 'Esmalte Natural', 'Esmalte libre de tóxicos, para una manicura saludable', 4.50, 9.99, 150, 'disponible'),

-- Productos para Acné (Categoría 8) - Línea: Herbolaria y Productos de Belleza
(8, 20, 'Gel de Té Verde', 'Gel purificante para piel con acné', 5.00, 10.99, 140, 'disponible'),
(8, 20, 'Crema Antiacné Natural', 'Crema natural con ingredientes antiinflamatorios', 7.20, 14.99, 130, 'disponible'),
(8, 20, 'Mascarilla de Arcilla', 'Mascarilla purificante para piel propensa al acné', 6.80, 12.50, 110, 'disponible'),

-- Cuidado Corporal (Categoría 9) - Línea: BioSalud Línea de Belleza
(9, 6, 'Exfoliante Corporal de Sal', 'Exfoliación natural para la piel seca', 8.50, 16.99, 120, 'disponible'),
(9, 6, 'Loción Corporal Hidratante', 'Loción nutritiva para todo tipo de piel', 6.20, 12.50, 150, 'disponible'),
(9, 6, 'Aceite Corporal de Almendras', 'Aceite hidratante para la piel con aceite de almendras', 9.00, 17.99, 140, 'disponible'),

-- Higiene Bucal Natural (Categoría 10) - Línea: Hierbas Medicinales y Belleza Andina
(10, 16, 'Pasta Dental Natural', 'Pasta dental con ingredientes naturales para una higiene bucal saludable', 4.50, 8.99, 160, 'disponible'),
(10, 16, 'Enjuague Bucal Natural', 'Enjuague bucal refrescante sin químicos', 5.20, 9.99, 150, 'disponible'),
(10, 16, 'Cepillo de Dientes de Bambú', 'Cepillo de dientes ecológico y sostenible', 3.50, 7.99, 200, 'disponible'),

-- Protección Solar Natural (Categoría 11) - Línea: EcoVerde Cosmética Orgánica
(11, 19, 'Protector Solar SPF 30', 'Protección solar natural con ingredientes orgánicos', 8.50, 16.99, 120, 'disponible'),
(11, 19, 'Protector Solar SPF 50', 'Protección solar natural de alta resistencia', 10.00, 19.99, 100, 'disponible'),
(11, 19, 'After Sun Natural', 'Gel refrescante post-sol con aloe vera y manzanilla', 7.20, 14.99, 130, 'disponible'),

-- Cuidado Labial (Categoría 12) - Línea: Mieles del Valle Naturales para Cuidado Facial
(12, 30, 'Bálsamo Labial Hidratante', 'Bálsamo labial con ingredientes naturales para hidratación', 3.50, 7.99, 180, 'disponible'),
(12, 30, 'Labial Natural', 'Labial hidratante de color con ingredientes naturales', 6.80, 12.50, 150, 'disponible'),
(12, 30, 'Exfoliante Labial', 'Exfoliante natural para labios suaves', 4.20, 8.99, 200, 'disponible'),

-- Cuidado de los Ojos (Categoría 13) - Línea: Quinua Real Cosmética Premium
(13, 2, 'Crema para Contorno de Ojos', 'Crema hidratante para reducir las ojeras y líneas finas', 9.00, 17.99, 100, 'disponible'),
(13, 2, 'Gel Refrescante para Ojos', 'Gel refrescante para aliviar la fatiga ocular', 7.20, 14.50, 120, 'disponible'),
(13, 2, 'Parche Hidratante para Ojos', 'Parche hidratante para el contorno de ojos', 8.00, 15.99, 130, 'disponible'),

-- Infusiones y Tónicos (Categoría 14) - Línea: Té & Bienestar para Cuidado Facial
(14, 18, 'Tónico Facial de Rosa Mosqueta', 'Tónico hidratante y regenerador para la piel', 6.50, 12.99, 140, 'disponible'),
(14, 18, 'Infusión Calmante de Manzanilla', 'Infusión relajante para calmar el cuerpo y la mente', 4.80, 9.99, 160, 'disponible'),
(14, 18, 'Spray Refrescante de Pepino', 'Spray refrescante para todo el día', 5.20, 10.99, 150, 'disponible'),

-- Productos de Aromaterapia (Categoría 15) - Línea: AromaTerapia y Bienestar Facial
(15, 26, 'Aceite Esencial de Menta', 'Aceite esencial refrescante para la mente y cuerpo', 7.00, 14.50, 110, 'disponible'),
(15, 26, 'Difusor Aromaterapia Ultrasonico', 'Difusor para aceites esenciales de alta calidad', 13.50, 27.99, 90, 'disponible'),
(15, 26, 'Aceite Esencial de Eucalipto', 'Aceite esencial para respiración profunda', 6.00, 12.99, 120, 'disponible');




INSERT INTO Facturas (dni, cod_vendedor, cod_asesor) VALUES
('00386246', 8, 5),
('01036420', 1, 1),
('02333727', 2, 2),
('03106558', 3, 3),
('03769370', 4, 4),
('05254216', 5, 5),
('05472609', 6, 6),
('05943635', 7, 7),
('06307999', 8, 8),
('07689801', 1, 1),
('08641152', 2, 2),
('10180618', 3, 3),
('10325194', 4, 4),
('11540457', 5, 5),
('12215462', 6, 6),
('14039369', 7, 7),
('18271789', 8, 8),
('18418402', 1, 1),
('19726475', 2, 2),
('19887857', 3, 3),
('23574633', 4, 4),
('23977299', 5, 5),
('24279885', 6, 6),
('24432822', 7, 7),
('25168912', 8, 8),
('28053157', 1, 1),
('29083134', 2, 2),
('29467755', 3, 3),
('30411702', 4, 4),
('30608007', 5, 5),
('30998599', 6, 6),
('31161069', 7, 7),
('31466395', 8, 8),
('33104441', 1, 1),
('36129222', 2, 2),
('37012854', 3, 3),
('37950960', 4, 4),
('39246922', 5, 5),
('39482975', 6, 6),
('44174045', 7, 7),
('46644116', 8, 8),
('46731726', 1, 1),
('47128407', 2, 2),
('47663204', 3, 3),
('49215334', 4, 4),
('50664696', 5, 5),
('55910976', 6, 6),
('56697260', 7, 7),
('56853312', 8, 8),
('00386246', 1, 5),
('01036420', 2, 1),
('02333727', 3, 2);





INSERT INTO Detalle_Facturas (cod_factura, cod_producto, cantidad) VALUES
-- Factura 1
(1, 43, 2),
(1, 44, 1),
-- Factura 2
(2, 45, 3),
-- Factura 3
(3, 28, 2),
(3, 29, 1),
-- Factura 4
(4, 30, 4),
-- Factura 5
(5, 7, 1),
(5, 8, 2),
-- Factura 6
(6, 9, 3),
-- Factura 7
(7, 1, 2),
(7, 2, 1),
-- Factura 8
(8, 3, 4),
-- Factura 9
(9, 40, 1),
(9, 41, 2),
-- Factura 10
(10, 42, 3),
-- Factura 11
(11, 34, 2),
(11, 35, 1),
-- Factura 12
(12, 36, 4),
-- Factura 13
(13, 4, 1),
(13, 5, 2),
-- Factura 14
(14, 6, 3),
-- Factura 15
(15, 16, 2),
(15, 17, 1),
-- Factura 16
(16, 18, 4),
-- Factura 17
(17, 25, 1),
(17, 26, 2),
-- Factura 18
(18, 27, 3),
-- Factura 19
(19, 37, 2),
(19, 38, 1),
-- Factura 20
(20, 39, 4),
-- Factura 21
(21, 10, 1),
(21, 11, 2),
-- Factura 22
(22, 12, 3),
-- Factura 23
(23, 22, 2),
(23, 23, 1),
-- Factura 24
(24, 24, 4),
-- Factura 25
(25, 31, 1),
(25, 32, 2),
-- Factura 26
(26, 33, 3),
-- Factura 27
(27, 13, 2),
(27, 14, 1),
-- Factura 28
(28, 15, 4),
-- Factura 29
(29, 19, 1),
(29, 20, 2),
-- Factura 30
(30, 21, 3),
-- Factura 31
(31, 43, 2),
-- Factura 32
(32, 44, 1),
-- Factura 33
(33, 45, 3),
-- Factura 34
(34, 28, 2),
-- Factura 35
(35, 29, 1),
-- Factura 36
(36, 30, 4),
-- Factura 37
(37, 7, 1),
-- Factura 38
(38, 8, 2),
-- Factura 39
(39, 9, 3),
-- Factura 40
(40, 1, 2),
-- Factura 41
(41, 2, 1),
-- Factura 42
(42, 3, 4),
-- Factura 43
(43, 40, 1),
-- Factura 44
(44, 41, 2),
-- Factura 45
(45, 42, 3),
-- Factura 46
(46, 34, 2),
-- Factura 47
(47, 35, 1),
-- Factura 48
(48, 36, 4),
-- Factura 49
(49, 4, 1),
-- Factura 50
(50, 5, 2);
